slug,status,lines
lorem-ipsum-generator,working,85
punctuation-fixer,working,40
text-statistics,working,76
json-to-markdown-table,working,93
css-class-generator,working,131
robots-txt-generator,working,337
security-headers-generator,working,576
xml-sitemap-generator,working,295
image-alt-text-generator,working,196
color-palette-generator,working,298
image-aspect-ratio-calculator,working,60
hash-from-text,working,88
url-parameter-extractor,working,156
word-counter,working,41
character-counter,working,43
remove-duplicate-lines,working,122
case-converter,working,106
grammar-checker,working,118
readability-score,working,106
json-formatter,working,125
json-ld-generator,working,667
url-encode,working,84
image-cropper,working,217
square-crop,working,254
circle-crop,working,340
image-format-converter,working,352
favicon-generator,working,129
image-resizer,working,131
uuid-generator,working,132
markdown-to-html,working,103
yaml-to-json,working,114
json-to-yaml,working,78
html-encoder,working,49
cron-parser,working,421
cors-header-generator,working,974
sha-256-hash,working,91
screen-resolution-tester,working,167
url-slug-generator,working,157
regex-tester,working,193
jwt-decoder,working,193
cron-generator,working,179
http-headers-viewer,working,107
htaccess-redirect-generator,working,137
meta-tag-generator,working,163
serp-preview,working,130
color-picker,working,166
contrast-checker,working,86
unit-converter,working,96
number-base-converter,working,127
percentage-calculator,working,311
css-border-radius-generator,working,287
sass-to-css,working,103
css-gradient-generator,working,275
xml-formatter,working,170
sql-prettifier,working,113
js-minifier,working,203
css-preview,placeholder,11
color-mixer,working,366
gradient-generator,placeholder,11
qr-code-generator,working,136
image-compressor,working,203
password-generator,working,168
text-diff,working,58
password-strength-checker,working,83
barcode-generator,working,225
random-number-generator,working,119
list-randomizer,working,69
fake-data-generator,working,72
hash-identifier,working,158
uptime-calculator,working,77
json-to-typescript,working,204
random-string-generator,working,181
url-parser,working,148
text-to-slug,working,77
binary-to-text,working,90
percentage-difference,working,72
age-calculator,working,114
countdown-timer,working,125
color-blindness-simulator,working,247
html-to-markdown,working,129
json-path-tester,working,169
xml-to-json,working,129
json-to-xml,working,160
css-validator,working,140
html-validator,working,239
text-to-handwriting,working,52
email-validator,working,82
credit-card-validator,working,57
random-uuid-v7,working,166
random-ip-address,working,78
json-schema-validator,working,317
slug-permalink-checker,working,67
keyword-density-checker,working,73
slideshow-generator,working,67
plain-text-counter,working,62
anagram-generator,working,141
quote-of-the-day,working,67
morse-code-translator,working,64
unix-timestamp-converter,working,88
email-generator,working,218
time-zone-converter,working,205
random-fraction-generator,working,83
rot47-cipher,working,75
hash-collision-finder,placeholder,11
semver-checker,working,62
ipv6-generator,working,100
mac-address-generator,working,84
html-table-generator,working,156
base64-image-converter,working,208
image-metadata-viewer,working,131
color-harmony-generator,working,93
open-graph-preview,working,213
twitter-card-preview,working,67
plagiarism-checker,working,67
unicode-character-inspector,working,104
homoglyph-detector,working,286
shell-command-reference,working,67
api-endpoint-tester,working,245
user-agent-parser,working,54
ssl-certificate-checker,working,80
physics-constants-reference,working,67
text-sorter,working,101
emoji-finder,working,165
placeholder-image-generator,working,60
image-color-picker,working,139
hsl-to-hex,working,332
slug-generator,working,57
csv-to-json,working,99
timestamp-converter,working,84
word-density-analyzer,working,44
json-diff,working,53
json-schema-generator,working,53
graphql-playground,placeholder,11
websocket-tester,placeholder,10
ping-test,working,64
ldap-filter-generator,placeholder,10
ipa-phonetic-finder,placeholder,10
speech-to-text,working,61
csv-to-tsv,working,67
tsv-to-csv,working,67
english-grammar-checker,working,87
typo-checker,working,260
regex-pattern-generator,working,67
json-to-go-struct,working,53
svg-minifier,working,60
css-to-scss,placeholder,11
image-blur-hash-generator,working,60
xml-sitemap-parser,working,53
robots-txt-analyzer,working,45
hsl-to-rgb,working,73
roman-numeral-converter,working,69
fraction-to-decimal,working,88
word-frequency-counter,working,61
palindrome-checker,working,62
reading-time-calculator,working,75
syllable-counter,working,177
url-encoder,placeholder,10
image-to-base64,working,67
keyword-extractor,working,67
hex-to-hsl,working,108
rgba-to-hex,working,52
length-converter,working,76
weight-converter,working,74
sticky-notes,working,187
word-association,working,123
fake-text-generator,working,94
duplicate-line-finder,working,88
env-parser,placeholder,11
json-to-typescript-interface,working,53
svg-favicon-generator,working,60
image-optimizer,working,278
broken-link-checker,working,111
google-algorithm-tracker,placeholder,11
color-name-finder,working,98
currency-converter,working,241
ascii-art-generator,working,134
encodings-reference,placeholder,11
http-status-codes,working,63
mime-types-reference,placeholder,10
css-grid-generator,placeholder,11
css-flexbox-generator,placeholder,11
json-editor,working,67
toml-to-json,working,133
json-to-csv,working,101
regex-cheatsheet,working,53
docker-command-generator,working,255
code-diff,working,127
yaml-validator,working,151
json-tree-view,working,67
html-entity-encoder,working,78
css-variable-generator,placeholder,11
md5-hash-generator,placeholder,10
sha1-hash-generator,placeholder,10
sha256-hash-generator,placeholder,10
argon2-hash-generator,working,88
bcrypt-hash-generator,working,141
scrypt-hash-generator,placeholder,10
yaml-to-toml,working,53
srt-to-json,working,53
text-permutation-generator,working,82
hash-diff-checker,placeholder,11
uuid-v1-generator,working,176
broken-image-checker,working,78
color-tint-generator,working,40
number-to-words,working,77
sla-uptime-calculator,placeholder,10
html-live-preview,working,38
json-to-url-encoded,working,53
color-palette-extractor,working,96
lorem-ipsum-detector,working,44
meta-description-checker,working,79
word-cloud-generator,working,67
text-redundancy-checker,working,112
line-counter,working,73
english-dictionary,placeholder,11
json-to-python,working,134
code-beautifier,working,460
png-to-ico,working,52
xml-validator,working,37
css-to-tailwind,placeholder,11
sql-to-json,working,224
robots-txt-tester,working,45
domain-age-checker,placeholder,11
sitemap-html-generator,working,45
color-tone-generator,working,41
hex-to-cmyk,working,106
data-uri-generator,placeholder,11
paragraph-lorem-ipsum,working,44
sentence-lorem-ipsum,working,44
accessibility-checker,working,247
sitemap-analyzer,working,250
svg-optimizer,working,60
webp-converter,working,187
png-to-jpg,working,52
color-format-picker,working,150
whois-lookup,working,108
text-highlighter,working,67
sitemap-xml-validator,working,53
word-combinations-generator,working,67
sentiment-analyzer,working,67
english-collocations-checker,placeholder,11
article-title-generator,working,101
json-to-php-array,working,53
html-to-jsx,working,79
css-to-styled-components,placeholder,11
url-redirect-checker,working,270
website-age-checker,placeholder,10
open-graph-generator,working,166
image-to-svg,working,52
dominant-color-extractor,placeholder,11
cmyk-to-rgb,working,160
hex-to-named-color,working,149
grammar-checker-v2,placeholder,11
color-picker-v2,working,54
dns-lookup-v2,placeholder,11
sql-to-json-v2,working,53
api-spec-generator,working,137
ssh-key-generator,placeholder,10
json-validator,working,104
html-entities-reference,working,98
js-beautifier,placeholder,10
text-reverser,working,50
character-frequency-counter,working,174
word-alphabetizer,working,67
gif-maker,working,218
image-clipper,working,60
screenshot-maker,working,67
keyword-difficulty-checker,working,67
page-speed-preview,placeholder,10
random-sentence-generator,working,80
random-paragraph-generator,working,108
readability-improver,working,67
jwt-tester,working,53
http-request-builder,working,63
network-port-checker,working,67
icon-favicon-creator,working,60
photo-resize-tool,working,67
seo-tag-analyzer,working,45
serp-snippet-preview,working,45
rgb-hsl-color-picker,placeholder,10
color-contrast-auditor,working,191
metric-imperial-converter,working,67
binary-decimal-hex-converter,working,236
text-statistics-calculator,working,44
sentence-counter,working,116
text-combinations-generator,working,44
regex-pattern-generator-v2,working,67
jwt-token-tester,working,67
seo-meta-tag-analyzer,working,190
text-to-speech,working,124
exif-remover,placeholder,11
uuid-validator,working,92
regex-visual-builder,working,53
markdown-preview,placeholder,10
cidr-calculator,working,96
ip-range-calculator,working,95
color-saturation-adjuster,working,40
lorem-ipsum-api,working,44
grammar-score-checker,placeholder,11
text-fluency-checker,working,44
regex-description-generator,working,67
meta-description-generator,placeholder,10
serp-rank-tracker,working,45
color-shade-tints,working,40
grammar-checker-pro,placeholder,11
dummy-text-detector,placeholder,11
reading-level-estimator,working,67
robots-txt-validator,working,45
jsonpath-query-tester,working,53
image-orientation-fixer,working,60
image-square-fit,working,67
keyword-position-checker,working,44
hreflang-tag-generator,working,298
rgba-to-hsl,working,52
volume-unit-converter,working,52
data-size-converter,placeholder,11
decimal-to-binary,working,86
hex-color-picker,working,54
rgba-color-picker,placeholder,10
color-format-converter-v2,working,142
wcag-contrast-checker,working,60
length-weight-converter,working,52
temperature-unit-converter,working,282
base-number-converter,working,119
jwt-inspector,working,53
regex-match-visualizer,working,53
cron-human-readable,placeholder,11
http-response-headers,working,63
seo-title-tag-generator,working,45
google-serp-preview,placeholder,11
rgb-to-hex-express,working,52
hex-to-rgb-express,working,85
keyword-generator-express,working,44
json-path-evaluator-express,working,53
curl-gen-express,placeholder,11
temp-converter-express,working,126
ip-address-info-express,placeholder,10
backlink-checker-express,working,232
word-freq-express,working,44
rot13-express,placeholder,10
html-plaintext-express,working,90
tsv-json-express,working,53
regex-pattern-tester,working,53
jwt-token-decoder,working,53
cron-schedule-generator,placeholder,11
regex-explainer,working,44
cron-schedule-validator,placeholder,11
passive-voice-detector,working,212
text-line-deduplicator,working,67
reading-time-estimator,placeholder,10
word-frequency-table,working,44
http-method-tester,working,63
api-auth-header-generator,working,170
json-schema-viewer,working,53
image-border-adder,working,123
image-rotate-tool,working,117
image-flip-tool,working,128
heading-tag-analyzer,working,163
canonical-tag-checker,working,168
color-luminance-checker,working,108
color-temperature-adjuster,working,326
angle-unit-converter,working,145
word-scramble-generator,working,67
collocations-checker,working,124
paragraph-counter,working,98
csv-generator,placeholder,11
cron-validator,working,343
uuid-normalizer,placeholder,10
mock-api-generator,working,63
png-compressor,working,182
image-enlarger,working,60
backlink-analyzer,working,255
page-title-checker,working,67
pressure-converter,working,44
speed-converter,working,52
energy-converter,placeholder,11
http-status-ref,working,63
counter,placeholder,11
random-password-generator,working,44
sitemap-extractor,working,44
citation-generator,working,162
markdown-to-pdf,working,195
pdf-password-remover,working,184
base64-encoder-decoder,working,118
text-case-converter,working,52
url-encoder-decoder,placeholder,10
json-schema-editor,working,53
html-encoder-decoder,working,80
css-minifier,working,123
text-difference-checker,working,44
markdown-editor,placeholder,10
binary-converter,working,172
tip-calculator,placeholder,10
backslash-escape-unescape,working,255
sql-formatter,working,242
aac-to-flac,working,131
aac-to-m4r,working,77
aac-to-mp3,working,128
aac-to-mp4,working,77
aac-to-wav,working,148
add-images,working,276
add-pages,working,212
add-subtitles,working,237
add-text,working,144
ai-detector,working,188
ai-rephraser,working,184
ai-twitter-generator,working,199
annotate,working,254
article-generator,working,131
article-rewriter,working,152
article-writer,working,131
audio-to-text,working,142
automation-wizard,working,463
avi-to-gif,working,143
avi-to-mkv,working,86
avi-to-mov,working,82
avi-to-mp3,working,87
avi-to-mp4,working,85
azw3-to-epub,working,84
azw3-to-mobi,working,84
bill-sale-generator,working,245
blog-outline,working,89
blur-background,working,98
border,working,117
bulk-generator,working,86
business-name-generator,working,104
business-plan-generator,working,121
business-slogan-generator,working,124
change-bg-photo,working,198
chart-maker,working,388
cleanup-picture,working,233
cold-email-writer,working,210
collage-maker,working,213
colorize-photo,working,82
combine-images,working,226
compress,working,53
compress-avi,working,44
compress-mkv,working,44
compress-mov,working,46
content-brief-generator,working,42
content-improver,working,47
content-planner,working,37
content-summarizer,working,46
crop,working,174
crop-circle,working,152
csv-to-excel,placeholder,11
csv-to-xml,placeholder,11
cutter,placeholder,11
detect,placeholder,11
edit,placeholder,11
eps-to-jpg,placeholder,11
eps-to-png,placeholder,11
eps-to-svg,placeholder,11
epub-to-azw3,placeholder,11
epub-to-mobi,placeholder,11
essay-writer,placeholder,11
excel-to-csv,placeholder,11
excel-to-pdf,placeholder,11
excel-to-xml,placeholder,11
explain-like-five,placeholder,11
extract-audio,placeholder,11
extract-img,placeholder,11
extract-text,placeholder,11
facebook-ad-headlines,placeholder,11
faq-generator,placeholder,11
flip,working,79
font-to-png,placeholder,11
gif-to-apng,placeholder,11
gif-to-avif,placeholder,11
gif-to-jpg,placeholder,11
gif-to-mov,placeholder,11
gif-to-png,placeholder,11
gif-to-webm,placeholder,11
grayscale,working,100
heic-to-avif,placeholder,11
heic-to-jpg,placeholder,11
heic-to-png,placeholder,11
humanizer-ai,working,44
instagram-caption-generator,working,67
instagram-story-ideas,placeholder,10
jpg-to-avif,working,52
jpg-to-gif,working,52
jpg-to-png,working,141
jpg-to-svg,working,52
jpg-to-tiff,working,52
jpg-to-webp,working,52
landing-page-copy,placeholder,10
linkedin-post-generator,placeholder,10
listicle-writer,working,67
m4a-to-mp3,working,52
m4a-to-mp4,working,52
m4a-to-wav,working,52
make-background-transparent,working,44
meme-maker,working,186
merge,working,248
metadata,placeholder,10
mkv-to-avi,working,52
mkv-to-gif,working,52
mkv-to-mov,working,52
mkv-to-mp3,working,52
mkv-to-mp4,working,52
mobi-to-azw3,working,52
mobi-to-epub,working,52
mov-to-avi,working,52
mov-to-gif,working,52
mov-to-mp3,working,52
mov-to-mp4,working,52
mov-to-wav,working,52
mp4-to-avi,working,52
mp4-to-gif,working,52
mp4-to-mov,working,52
mp4-to-mp3,working,52
mp4-to-ogg,working,52
mp4-to-wav,working,52
mp4-to-webm,working,52
mute,placeholder,10
nda-generator,placeholder,10
ogg-to-mp3,working,52
ogg-to-wav,working,52
paragraph-completer,working,67
paragraph-rewriter,working,36
paragraph-writer,placeholder,10
paraphrasing,working,268
pixelate,working,129
png-to-avif,working,52
png-to-eps,working,52
png-to-gif,working,52
png-to-svg,working,52
png-to-tiff,working,52
png-to-webp,working,52
podcast-writer,working,44
poll-generator,working,299
post-generator,working,67
post-ideas,placeholder,10
post-rewriter,working,67
post-writer,placeholder,10
press-release-generator,working,67
privacy-policy-generator,working,67
profile-photo,working,60
protect,placeholder,10
psd-to-ai,working,52
psd-to-jpg,working,52
psd-to-pdf,working,52
psd-to-png,working,52
psd-to-svg,working,52
purchase-agreement-generator,working,67
real-estate-description,placeholder,10
rearrange,placeholder,10
delete-pages,missing,0
remove-bg,working,142
remove-objects,working,60
remove-person,working,60
remove-text-photo,working,44
remove-watermark,working,60
remove-watermark-photo,working,44
repair-defects,working,44
resize,working,60
rotate,working,60
sentence-rewriter,working,256
sharpen,working,153
shorten-content,working,44
sign,placeholder,10
split,working,314
split-csv,working,53
split-excel,placeholder,10
story-generator,working,67
summarize-podcast,placeholder,10
summarize-youtube,placeholder,10
summarizer,placeholder,10
svg-to-png,working,52
text-to-image,working,52
tiff-to-jpg,working,52
tiff-to-png,working,52
tiff-to-svg,working,52
tiff-to-text,working,52
tiktok-script-writer,placeholder,10
title-rewriter,working,67
tone-of-voice,placeholder,10
trace,placeholder,10
transcribe-podcast,working,67
translate,placeholder,10
trivia-generator,working,44
unblur,working,60
unlock,placeholder,10
upscale,placeholder,10
watermark,working,60
webm-to-mov,working,52
webm-to-mp3,working,52
webm-to-mp4,working,52
webp-to-avif,working,52
webp-to-gif,working,52
webp-to-jpg,working,52
webp-to-png,working,52
vsd-to-docx,working,63
vsd-to-jpg,working,52
vsd-to-pdf,working,52
vsd-to-pptx,working,63
vsdx-to-docx,working,63
vsdx-to-jpg,working,52
vsdx-to-pdf,working,52
vsdx-to-pptx,working,63
xml-to-csv,working,53
xml-to-excel,working,53
youtube-script-writer,placeholder,10
youtube-to-text,working,52
youtube-transcript,placeholder,10
zip,placeholder,10
unicode-escape-encoder,working,67
punycode-encoder,working,67
remove-extra-spaces,working,67
percentage-off-calculator,placeholder,10
dpi-ppi-calculator,placeholder,11
random-choice-wheel,working,67
ulid-generator,working,153
json-to-tsv,working,53
word-count-from-url,working,44
image-shadow-generator,working,179
table-to-markdown,working,52
favicon-from-emoji,placeholder,11
batch-favicon-downloader,working,165
yaml-pretty-print,working,53
json-patch-generator,working,53
hmac-generator,working,188
secure-random-generator,placeholder,10
json-escape-unescape,working,53
css-naming-convention,placeholder,11
html-minifier,working,135
random-pin-generator,placeholder,10
kubernetes-yaml-generator,working,53
docker-compose-generator,placeholder,11
uuid-comparator,placeholder,10
text-statistics-advanced,working,44
port-scanner-full,working,63
text-uniqueness-checker,working,193
duplicate-phrase-detector,placeholder,11
filler-word-counter,working,108
token-builder,working,67
code-to-diagram-generator,working,130
algorithm-visualizer,working,161
image-scale-calculator,working,67
sitemap-urls-extractor,working,44
robots-txt-editor,working,171
color-opacity-generator,working,78
base64-image-decoder,working,117
http-headers-inspector,placeholder,14
headline-analyzer,placeholder,11
word-complexity-analyzer,working,44
text-structure-validator,working,67
character-variety-checker,working,215
api-doc-generator,working,150
db-query-formatter,placeholder,11
uuid-compare,placeholder,10
image-dimension-checker,working,60
og-tag-debugger,working,238
canonical-url-generator,working,150
image-background-remover,working,272
hex-to-hsv,working,109
hsv-to-hex,working,334
byte-converter,working,134
wifi-qr-code-generator,placeholder,10
vcard-qr-generator,placeholder,10
qr-code-scanner,working,277
barcode-scanner,working,288
area-converter,working,140
frequency-converter,placeholder,11
force-converter,placeholder,11
random-color-generator,placeholder,10
time-duration-calculator,placeholder,10
timestamp-diff-calculator,working,67
pixel-density-calculator,working,67
html-to-plain-text-tool,working,72
fake-address-generator,working,360
random-mac-generator,placeholder,10
favicon-maker,placeholder,11
spelling-checker-tool,working,44
text-complexity-analyzer,working,67
text-deduplicator,working,67
api-endpoint-debugger,working,256
http-status-code-lookup,working,63
html-attribute-encoder,working,83
base64-image-viewer,working,112
favicon-preview-tool,placeholder,11
photo-metadata-remover,working,67
seo-title-analyzer,working,45
serp-simulator,working,45
robots-txt-checker,working,45
color-luminance-calculator,working,282
all-in-one-unit-converter,working,194
octal-to-decimal,working,94
slug-health-checker,working,67
duplicate-url-detector,placeholder,11
screen-density-simulator,working,67
html-table-to-json,working,94
text-sentence-shuffler,working,67
text-line-sorter,working,44
image-size-resizer,working,60
cron-generator-dg,placeholder,11
lorem-ipsum-paragraphs,working,44
flesch-kincaid-calculator,working,162
regex-pattern-builder,working,67
cron-schedule-explainer,placeholder,11
response-header-analyzer,working,67
banner-generator,missing,0
hex-to-rgba,working,106
color-contrast-matrix,working,129
binary-to-decimal,working,94
css-animation-generator,placeholder,11
webhook-tester,working,67
ico-file-generator,working,60
scientific-notation-converter,working,67
jsonpath-query-tool,working,53
css-filter-generator,placeholder,11
curl-to-python,working,75
curl-to-javascript,placeholder,11
robots-txt-simulator,working,45
image-dpi-resizer,working,60
svg-compressor,working,60
css-cursor-generator,placeholder,11
markdown-table-from-json,working,53
http-status-checker,working,244
hex-to-rgb-new,working,85
rgb-to-hex-new,working,52
hsl-to-rgb-new,working,116
color-shade-gen,working,47
image-metadata-remover,working,60
gif-to-mp4,placeholder,11
batch-image-resizer,working,230
keyword-density-analyzer-new,working,44
percentage-change-calc,placeholder,10
mock-port-scanner-full,working,63
browser-image-resizer,working,93
random-choice-picker,working,67
discount-calculator,working,108
sleep-duration-calculator,working,63
list-difference-finder,working,67
markup-calculator,placeholder,10
plain-text-formatter,working,44
word-combinations,working,44
reading-pace-calculator,placeholder,10
regex-escape,working,67
base64-file-encoder,working,159
url-similarity-checker,placeholder,10
what-if-scenario-calculator,working,67
bill-splitter,working,129
word-finder,working,67
title-case-converter,working,52
css-units-converter-new,placeholder,11
shell-command-generator-new,placeholder,10
favicon-grabber,placeholder,11
google-rank-checker,placeholder,11
bmi-calculator,working,97
text-improver,working,67
sentence-extractor,working,67
lorem-ipsum-words,working,44
homophone-checker,working,215
api-endpoint-documenter,working,168
json-to-typescript-types,working,53
favicon-png-maker,placeholder,11
image-brightness-adjuster,working,60
color-palette-from-image,working,60
cooking-unit-converter,working,76
hex-to-decimal-converter,working,105
decimal-to-hex-converter,placeholder,11
read-time-calculator,placeholder,10
paragraph-generator,placeholder,10
synonym-finder,working,67
curl-command-builder,placeholder,11
dns-lookup-tool,placeholder,11
image-compression-tool,working,60
pagespeed-preview,placeholder,10
fraction-calculator,working,159
random-id-generator,placeholder,10
readability-score-calculator,working,44
lorem-ipsum-generator-pro,working,80
http-request-headers-inspector,working,63
network-port-scanner,working,63
favicon-icon-generator,placeholder,11
google-serp-simulator,placeholder,11
hex-rgb-hsl-color-picker,working,215
color-contrast-ratio-checker,working,101
general-unit-converter,placeholder,11
syllable-word-counter,working,44
lorem-ipsum-bytes,working,44
smart-text-sorter,working,44
regex-match-tester,working,53
jwt-token-inspector,working,67
favicon-png-creator,placeholder,11
tweet-to-image-converter,missing,0
color-picker-wheel,working,34
wcag-contrast-auditor,working,60
unit-measurement-converter,working,52
bin-hex-dec-converter,working,213
favicon-checker,placeholder,11
notebook-to-html,working,260
ipynb-formatter,placeholder,10
jupyter-cleaner,working,218
oxford-comma,working,97
json-graph-visualizer,working,443